Title,Date,"Community (city,town, ward)",LGA,State,Total Deaths,Boko Haram (P),State Actor (P),Sectarian Actor (excluding BH) (P),Other Armed Actor (P),Kidnapper (P),Robber (P),Other (P),Election-related Actor (P),Cameroon State Actor (P),Boko Haram (V),State Actor (V),Sectarian Actor (V),Other Armed Actor (V),Political Actor (V),Kidnapper (V),Kidnapee (V),Robber (V),Journalist (V),Civilian (V),Election-related Actor (V),Cameroon State Actor,Bomb,Gun,Machete,Suicide Bombing,Other Weapon,TK,Drinking Establishment,Goverment Building,Church,Mosque,Bank,School,Other Location,Notes,Sources 1,Sources 2,Sources 3,Latitude,Longitude,"LGA, State, Country",Country,Attack_Type,Transmission Line,Tower Number(s),Agents,Chain of Effect
Chevron Flow Station Explosion in Delta State,11/08/2011,,Warri North,Delta,0,,,Sectarian Actor,,,,,,,,,,,,,,,,0,,,Bomb,Gun,,,,,,,,,,,Other,,http://www.tribune.com.ng/sat/index.php/news/4970-gunmen-blow-up-chevrons-oil-flow-station.html,http://www.deltans.com/gunmen-blow-up-chevrons-oil-flow-station/,,5.5167,5.75,"Warri North, Delta, Nigeria",Nigeria,Oil_Gas,,,,
Ex-Militants Blow up Agip Flow Station in Bayelsa,19/03/2012,Biseni/Idu,,Bayelsa,0,,,Sectarian Actor,,,,,,,,,,,,,,,,0,,,Bomb,,,,,,,,,,,,Other,,http://allafrica.com/stories/201203200723.html,,,5.1667,6.4167,", Bayelsa, Nigeria",Nigeria,Oil_Gas,,,,
Ex-Militants Bomb Five Agip Oil Wells,01/04/2012,River Niger&Tailor Creek,Yenagoa,Bayelsa,0,,,Sectarian Actor,,,,,,,,0,,,,,,,,,,,Bomb,,,,,,,,,,,,Other,Disgultled members of 3rd phase of Amnesty program,http://allafrica.com/stories/201204020762.html,http://saharareporters.com/news-page/ex-militants-bomb-agip-oil-wells-bayelsa,,4.9267,6.2676,"Yenagoa, Bayelsa, Nigeria",Nigeria,Oil_Gas,,,,
"Pipeline Vandals Kill Three NNPC Staff, Injure Others",09/09/2012,Arepo,Lagos,Lagos,3,,,,,,Robber,,,,,3,,,,,,,,,,,,Gun,,,,,,,,,,,Other,,http://allafrica.com/stories/201209100635.html,http://allafrica.com/stories/201209100666.html,,6.6333,3.45,"Lagos, Lagos, Nigeria",Nigeria,Oil_Gas,,,,
Assaults of PHCN Staff - Electricity Workers Give Wammako 48 Hours to Apologise,02/11/2012,,,Sokoto,0,,State Actor,,,,,,,,,,,,0,,,,,,,,,,,,,,,Government Building,,,,,,,http://allafrica.com/stories/201211020444.html,,,13.0667,5.2333,", Sokoto, Nigeria",Nigeria,Power,,,,
"Three Dead, Two Missing Over Oil Money, Leadership Tussle in Ugborodo",03/11/2012,Ugborodo,,Delta,3,,,Sectarian Actor,,,,,,,,,3,,,,,,,,,,,Gun,,,,,,,,,,,Other,,http://allafrica.com/stories/201211250177.html,,,5.5333,5.2833,", Delta, Nigeria",Nigeria,Oil_Gas,,,,
Many Killed in Pipeline Blast as Vandals Fight Police,12/01/2013,Arepo Village,Obafemi-Owode,Ogun,0,,,,,,,,,,,,,,,,,,,,,,,,,,,,,,,,,,,,http://allafrica.com/stories/201301140606.html,http://allafrica.com/stories/201301130047.html,,6.6333,3.45,"Obafemi-Owode, Ogun, Nigeria",Nigeria,Oil_Gas,,,,
Many Killed in Pipeline Blast as Vandals Fight Police,12/01/2013,Arepo Village,Obafemi-Owode,Ogun,50,,,,Other Armed Actor,,,,,,,,,50,,,,,,,,,Bomb,,,,,,,,,,,,Other,,http://allafrica.com/stories/201301140606.html,http://allafrica.com/stories/201301130047.html,,6.6333,3.45,"Obafemi-Owode, Ogun, Nigeria",Nigeria,Oil_Gas,,,,
Four killed as Kogi community claims attack by Anambra community over oil wells,02/04/2013,Odeke,Ibaji,Kogi,7,,,Sectarian Actor,,,,,,,,,7,,,,,,,,,,,Gun,,,,,,,,,,,Other,,http://premiumtimesng.com/regional/127995-four-killed-as-kogi-community-claims-attack-by-anambra-community-over-oil-wells.html?utm_source=rss&utm_medium=rss&utm_campaign=four-killed-as-kogi-community-claims-attack-by-anambra-community-over-oil-wells,http://allafrica.com/stories/201304031132.html,,6.8333,6.9333,"Ibaji, Kogi, Nigeria",Nigeria,Oil_Gas,,,,
11 injured in Anambra-Kogi oil well clash,08/04/2013,Aguleri-Otu,,Anambra,1,,,Sectarian Actor,,,,,,,,,1,,,,,,,,,,,,,,Other,,,,,,,,Other,,http://nationalmirroronline.net/new/11-injured-in-anambra-kogi-oil-well-clash/,http://allafrica.com/stories/201304100653.html,,6.3333,6.9167,", Anambra, Nigeria",Nigeria,Oil_Gas,,,,
MEND destroys oil well,14/04/2013,Ewellesuo,Nembe,Bayelsa,,,,Sectarian Actor,,,,,,,,,,,,,,,,,,,Bomb,,,,,,,,,,,,Other,,http://www.punchng.com/news/mend-destroys-oil-well-threatens-to-bomb-mosques/,,,4.5333,6.4,"Nembe, Bayelsa, Nigeria",Nigeria,Oil_Gas,,,,
Militant claim of explosion at Nigerian oil refinery unlikely to lead to targeted campaign,22/10/2013,Warri,,Delta,0,,,Sectarian Actor,,,,,,,,,,,,,,,,,,,Bomb,,,,,,,Government Building,,,,,,,http://www.janes.com/article/28796/militant-claim-of-explosion-at-nigerian-oil-refinery-unlikely-to-lead-to-targeted-campaign?from_rss=1,,,5.5167,5.75,", Delta, Nigeria",Nigeria,Oil_Gas,,,,
Soldiers Kill Oil Pirate,27/12/2013,Aba,,Abia,1,,State Actor,,,,,,,,,,,,,,,1,,,,,,Gun,,,,,,,,,,,Other,,http://sunnewsonline.com/new/national/oil-bunkering-soldiers-kill-one-set-tanker-ablaze-aba/,,,5.1167,7.3667,", Abia, Nigeria",Nigeria,Oil_Gas,,,,
"Pirates Attack Agip's Vessels, Kidnap Oil Workers In Bayelsa",03/12/2014,Peter's town,Nembe,Bayelsa,0,,,,Other Armed Actor,,,,,,,,,,,,2,,,,,,,Gun,,,,,,,,,,,Other,,http://saharareporters.com/news-page/pirates-attack-agips-vessels-kidnap-oil-workers-bayelsa,http://www.vanguardngr.com/2014/03/gunmen-attack-tugboats-kidnap-2-captains/,,4.5333,6.4,"Nembe, Bayelsa, Nigeria",Nigeria,Oil_Gas,,,,
"Nigeria militants blow up second bridge, abduct wife, 2 kids of ex-cop",05/10/2014,Limankara,Gwoza,Borno,0,Boko Haram,,,,,,,,,,,,,,,3,,,,,,Bomb,,,,,,,,,,,,Other,bridge links Borno and Adamawa,http://nypost.com/2014/05/11/boko-haram-kidnaps-more-children-kills-villagers-in-nigeria/,http://www.premiumtimesng.com/news/160508-boko-haram-bombs-bridge-linking-borno-adamawa.html?utm_source=rss&utm_medium=rss&utm_campaign=boko-haram-bombs-bridge-linking-borno-adamawa,http://saharareporters.com/news-page/boko-haram-blows-another-bridge,11.08539963,13.69190025,"Gwoza, Borno, Nigeria",Nigeria,Oil_Gas,,,,
Pipeline explosion hits Lagos,18/06/2014,,Lagos State,Lagos,0,,,,Other Armed Actor,,,,,,,,,,,,,,,0,,,,,,,,,,,,,,,Other,"The explosion resulted from the activities of pipeline vandals attempting to scoop Premium Motor Spirit, PMS, from a ruptured pipeline",http://nationalmirroronline.net/new/pipeline-explosion-hits-lagos/,http://www.punchng.com/news/no-life-lost-in-tarkwa-bay-pipeline-explosion-nema/,,6.60160017,3.396859884,"Lagos State, Lagos, Nigeria",Nigeria,Oil_Gas,,,,
"Four feared killed in fresh Anambra, Kogi oil war",21/07/2014,,Ibaji,Kogi,4,,,Sectarian Actor,,,,,,,,,4,,,,,,,,,,,,,,,,,,,,,,,"armed Kogi indigenes were stormed the disputed area, where oil 
deposits were found, and waged a  battle against Aguleri people on site",http://nationalmirroronline.net/new/four-feared-killed-in-fresh-anambra-kogi-oil-war/,http://theadvocatengr.com/new/oil-war-4-killed-7-injured-in-renewed-anambrakogi-clash/,,6.791389942,6.831250191,"Ibaji, Kogi, Nigeria",Nigeria,Oil_Gas,,,,
"JTF, Police Repel Attack On Oil Installation In Bayelsa",23/07/2014,Ogboinbiri,Southern Ijaw,Bayelsa,2,,State Actor,,Other Armed Actor,,,,,,,,,2,,,,,,,,,,Gun,,,,,,,,,,,Other,,http://www.premiumtimesng.com/regional/165501-jtf-police-repel-attack-on-oil-installation-in-bayelsa.html?utm_source=rss&utm_medium=rss&utm_campaign=jtf-police-repel-attack-on-oil-installation-in-bayelsa,,,4.970369816,6.104189873,"Southern Ijaw, Bayelsa, Nigeria",Nigeria,Oil_Gas,,,,
Chairman of Oil Marketers kidnapped in Benue,10/02/2014,,Gboko,Benue,0,,,,,Kidnapper,,,,,,,,,,,1,,,,,,,Gun,,,,,,,,,,,,,http://www.vanguardngr.com/2014/10/chairman-oil-marketers-kidnapped-benue/,,,7.328450203,9.004190445,"Gboko, Benue, Nigeria",Nigeria,Oil_Gas,,,,
"Gunmen kidnap oil minister, Diezani’s sister",21/10/2014,,Port Harcourt,Rivers,0,,,,,Kidnapper,,,,,,,,,,,1,,,,,,,Gun,,,,,,,,,,,,,http://www.vanguardngr.com/2014/10/gunmen-kidnap-oil-minister-diezanis-sister/,http://www.jamaicaobserver.com/news/Gunmen-kidnap-Nigeria-oil-minister-s-sister----police,,4.801559925,7.025010109,"Port Harcourt, Rivers, Nigeria",Nigeria,Oil_Gas,,,,
Pipeline vandals arrested in Kaduna,13/11/2014,Juji,Kaduna South,Kaduna,0,,State Actor,,Other Armed Actor,,,,,,,,,0,,,,,,,,,,Gun,,,,,,,,,,,Other,,http://nationalmirroronline.net/new/pipeline-vandals-arrested-in-kaduna/,,,10.50683975,7.398019791,"Kaduna South, Kaduna, Nigeria",Nigeria,Oil_Gas,,,,
Pipeline vandals kill two policemen in Lagos,27/01/2015,,Lagos State,Lagos,2,,State Actor,,Other Armed Actor,,,,,,,2,,,,,,,,,,,,Gun,,,,,,Government Building,,,,,,,http://www.punchng.com/news/pipeline-vandals-kill-two-policemen-in-lagos/,http://www.tribune.com.ng/news/news-headlines/item/27886-oil-thieves-overrun-police-station-kill-2-officers,,6.60160017,3.396859884,"Lagos State, Lagos, Nigeria",Nigeria,Oil_Gas,,,,
Gunmen kidnap 4 oil company employees,02/02/2015,,Southern Ijaw,Bayelsa,0,,,,,Kidnapper,,,,,,,,,,,4,,,,,,,Gun,,,,,,,,,,,Other,,http://www.punchng.com/news/policeman-gunmen-killed-in-gun-duel/,http://dailyindependentnig.com/2015/02/gunmen-kill-policeman-kidnap-four-agip-workers-bayelsa/,,4.970369816,6.104189873,"Southern Ijaw, Bayelsa, Nigeria",Nigeria,Oil_Gas,,,,
Nigerian soldier killed in ambush in oil city of Port Harcourt,2015-0328,,Obio/Akpor,Rivers,1,,,,Other Armed Actor,,,,,,,1,,,,,,,,,,,,Gun,,,,,,,,,,,Other,,http://af.reuters.com/article/nigeriaNews/idAFL6N0WU0JO20150328?feedType=RSS&feedName=nigeriaNews,http://www.premiumtimesng.com/news/179753-soldier-two-others-killed-in-rivers-as-election-turns-violent.html,http://www.punchng.com/news/scores-killed-in-rivers-gombe-as-blasts-rock-anambra-enugu/,4.801559925,7.025010109,"Obio/Akpor, Rivers, Nigeria",Nigeria,Oil_Gas,,,,
Militants Blow Up Pipelines in Delta,04/03/2015,"Ighrenene, Afiesere and Ekiugbo",Ughelli North,Delta,0,,,,Other Armed Actor,,,,,,,,,,,,,,,0,,,Bomb,,,,,,,,,,,,Other,,http://allafrica.com/stories/201504040119.html,http://af.reuters.com/article/nigeriaNews/idAFL6N0X10IG20150404?feedType=RSS&feedName=nigeriaNews,,5.5062299,5.976990223,"Ughelli North, Delta, Nigeria",Nigeria,Oil_Gas,,,,
3 cops killed in clashes with oil thieves,31/05/2015,Oguda,Okene,Kogi,4,,State Actor,,Other Armed Actor,,,,,,,3,,,,,,,,1,,,,Gun,,,,,,,,,,,Other,,http://nationalmirroronline.net/new/3-cops-killed-in-clashes-with-oil-thieves/,,,7.5542498,6.233029842,"Okene, Kogi, Nigeria",Nigeria,Oil_Gas,,,,
"Pipeline Vandals Ambush, Kill 10 DSS Operatives",15/09/2015,Arepo,Obafemi Owode,Ogun,10,,State Actor,,Other Armed Actor,,,,,,,10,,,,,,,,,,,,Gun,,,,,,,,,,,Other,On the border with Lagos,http://sunnewsonline.com/new/breaking-news-pipeline-vandals-ambush-kill-10-dss-operatives/,http://www.vanguardngr.com/2015/09/vandals-kill-9-dss-operatives-in-arepo/,http://www.punchng.com/news/pipeline-vandals-kill-seven-dss-operatives-in-lagos/,6.947889805,3.503329992,"Obafemi Owode, Ogun, Nigeria",Nigeria,Oil_Gas,,,,
Gunmen kill oil worker in Bayelsa,10/09/2015,,Ogbia,Bayelsa,1,,,,Other Armed Actor,,,,,,,,,,,,,,,1,,,,Gun,,,,,,,,,,,Other,,http://www.premiumtimesng.com/regional/south-south-regional/191267-gunmen-kill-oil-worker-in-bayelsa.html,http://allafrica.com/stories/201510091611.html,http://www.punchng.com/news/gunmen-kill-oil-worker-in-bayelsa/,4.859290123,6.373149872,"Ogbia, Bayelsa, Nigeria",Nigeria,Oil_Gas,,,,
Niger Delta Militants Attack More Oil Facilities,16/01/2016,,Warri South West,Delta,0,,,,Other Armed Actor,,,,,,,,,,,,,,,0,,,Bomb,Gun,,,,,,,,,,,Other,Also attacked oil and gas pipelines in Egbema North LGA,http://saharareporters.com/2016/01/17/niger-delta-militants-attack-more-oil-facilities,,,5.48168993,5.734829903,"Warri South West, Delta, Nigeria",Nigeria,Oil_Gas,,,,
"Gunmen Attack Agip Pipeline In Brass LGA, Bayelsa",28/01/2016,,Brass,Bayelsa,0,,,,Other Armed Actor,,,,,,,,,,,,,,,0,,,Bomb,,,,,,,,,,,,Other,,http://saharareporters.com/2016/01/30/gunmen-attack-agip-pipeline-brass-lga-bayelsa,http://www.ngrguardiannews.com/2016/01/explosion-rocks-agip-pipelines-in-bayelsa/,,4.533239841,6.410749912,"Brass, Bayelsa, Nigeria",Nigeria,Oil_Gas,,,,
"Pipeline vandals ambush, kill five JTF operatives in Arepo
",02/05/2016,Arepo,Obafemi Owode,Ogun,5,,State Actor,,Other Armed Actor,,,,,,,5,,,,,,,,,,,,Gun,,,,,,,,,,,Other,,http://nationalmirroronline.net/new/3-naval-ratings-killed-by-pipeline-vandals/,http://news2.onlinenigeria.com/news/general/456407-pipeline-vandals-ambush-kill-five-jtf-operatives-in-arepo.html,,6.947889805,3.503329992,"Obafemi Owode, Ogun, Nigeria",Nigeria,Oil_Gas,,,,
Suspected cult members blow up Agip pipeline in Rivers,02/07/2016,Akala ,Ahoada West,Rivers,0,,,,Other Armed Actor,,,,,,,,,,,,,,,0,,,Bomb,,,,,,,,,,,,Other,,http://af.reuters.com/article/nigeriaNews/idAFL8N15O2EJ?feedType=RSS&feedName=nigeriaNews,http://nationalmirroronline.net/new/suspected-cult-members-blow-up-agip-pipeline-in-rivers/,,5.062709808,6.450200081,"Ahoada West, Rivers, Nigeria",Nigeria,Oil_Gas,,,,
Three killed in oil pipeline explosion in Nigeria's delta,27/03/2016,Olugboboro,Southern Ijaw,Bayelsa,3,,,,Other Armed Actor,,,,,,,,,,,,,,,3,,,Bomb,,,,,,,,,,,,Other,,http://af.reuters.com/article/nigeriaNews/idAFL5N17259G?feedType=RSS&feedName=nigeriaNews,http://saharareporters.com/2016/03/30/agip-pipeline-bomber-arrested-bayelsa-state,,4.970369816,6.104189873,"Southern Ijaw, Bayelsa, Nigeria",Nigeria,Oil_Gas,,,,
"Militants blow up pipelines linking Warri, Kaduna refineries",05/05/2016,,Warri South West,Delta,0,,,,Other Armed Actor,,,,,,,,,,,,,,,0,,,Bomb,,,,,,,,,,,,Other,,http://sunnewsonline.com/niger-delta-militants-blow-up-pipelines-linking-warri-kaduna-refineries/,,,5.48168993,5.734829903,"Warri South West, Delta, Nigeria",Nigeria,Oil_Gas,,,,
Blast hits Chevron oil facility in Nigeria's Delta,16/05/2016,,Warri South West,Delta,0,,,,Other Armed Actor,,,,,,,,,,,,,,,0,,,Bomb,,,,,,,,,,,,Other,,http://af.reuters.com/article/nigeriaNews/idAFL5N18A6G3?feedType=RSS&feedName=nigeriaNews,,,5.48168993,5.734829903,"Warri South West, Delta, Nigeria",Nigeria,Oil_Gas,,,,
Gas pipeline in Niger Delta operated by Nigeria's NNPC attacked,20/05/2016,Ogbe Ijoh,Warri South West,Delta,0,,,,Other Armed Actor,,,,,,,,,,,,,,,0,,,Bomb,,,,,,,,,,,,Other,,http://www.premiumtimesng.com/news/top-news/203791-suspected-militants-blow-crude-trunkline-delta.html,http://af.reuters.com/article/nigeriaNews/idAFL5N18H3KF?feedType=RSS&feedName=nigeriaNews,,5.48168993,5.734829903,"Warri South West, Delta, Nigeria",Nigeria,Oil_Gas,,,,
Militants attack Agip pipeline in Nigeria's Bayelsa state,22/05/2016,,Southern Ijaw,Bayelsa,0,,,,Other Armed Actor,,,,,,,,,,,,,,,0,,,Bomb,,,,,,,,,,,,Other,,http://af.reuters.com/article/nigeriaNews/idAFL5N18J0L6?feedType=RSS&feedName=nigeriaNews,http://sunnewsonline.com/bayelsa-militants-attack-agip-pipeline/,http://www.vanguardngr.com/2016/05/breaking-gunmen-blow-agip-pipeline-bayelsa/,4.970369816,6.104189873,"Southern Ijaw, Bayelsa, Nigeria",Nigeria,Oil_Gas,,,,
"Nigeria militants blow up gas, oil pipelines",26/05/2016,,Warri South West,Delta,0,,,,Other Armed Actor,,,,,,,,,,,,,,,0,,,Bomb,,,,,,,,,,,,Other,,http://af.reuters.com/article/nigeriaNews/idAFL5N18O1NE?feedType=RSS&feedName=nigeriaNews,http://nationalmirroronline.net/new/niger-delta-avengers-blow-up-chevrons-escravos-tank-farm/,http://www.premiumtimesng.com/news/headlines/204115-militants-blow-chevron-gas-pipeline.html,5.48168993,5.734829903,"Warri South West, Delta, Nigeria",Nigeria,Oil_Gas,,,,
Militants attack major Nembe pipeline in Nigeria's Delta,28/05/2016,,Nembe,Bayelsa,0,,,,Other Armed Actor,,,,,,,,,,,,,,,0,,,Bomb,,,,,,,,,,,,Other,,http://af.reuters.com/article/nigeriaNews/idAFL8N18P03V?feedType=RSS&feedName=nigeriaNews,http://www.vanguardngr.com/2016/05/militants-blow-agip-shell-trunk-line-bayelsa/,,4.534639835,6.400000095,"Nembe, Bayelsa, Nigeria",Nigeria,Oil_Gas,,,,
"2 killed as police, oil thieves clash",29/05/2016,Ibafo,Obafemi Owode,Ogun,2,,State Actor,,Other Armed Actor,,,,,,,,,2,,,,,,,,,,Gun,,,,,,,,,,,Other,,http://sunnewsonline.com/5-killed-as-police-oil-thieves-clash/,,,6.947889805,3.503329992,"Obafemi Owode, Ogun, Nigeria",Nigeria,Oil_Gas,,,,
"3 killed as police, oil thieves clash",29/05/2016,,Ojo,Lagos,3,,State Actor,,Other Armed Actor,,,,,,,,,3,,,,,,,,,,Gun,,,,,,,,,,,Other,,http://sunnewsonline.com/5-killed-as-police-oil-thieves-clash/,,,6.462649822,3.167000055,"Ojo, Lagos, Nigeria",Nigeria,Oil_Gas,,,,
At least 20 civilians dead as Nigeria army clashes with oil militants,30/05/2016,,Onitsha South,Anambra,28,,State Actor,,Other Armed Actor,,,,,,,8,,,,,,,,20,,,,Gun,,,,,,,,,,,Other,,http://sunnewsonline.com/8-soldiers-feared-dead-as-militants-attack-gunboats-in-onitsha/,http://www.focus-fen.net/news/2016/05/31/407976/at-least-10-dead-as-biafra-anniversary-turns-bloody.html,http://www.panarmenian.net/eng/news/213546/,6.138420105,6.773139954,"Onitsha South, Anambra, Nigeria",Nigeria,Oil_Gas,,,,
Niger Delta militants blow up oil well,06/01/2016,,Warri North,Delta,0,,,,Other Armed Actor,,,,,,,,,,,,,,,0,,,Bomb,,,,,,,,,,,,Other,,http://sunnewsonline.com/niger-delta-militants-blow-up-oil-well/,http://nationalmirroronline.net/new/niger-delta-avengers-blow-up-chevron-oil-wells-again/,,5.999519825,5.466499805,"Warri North, Delta, Nigeria",Nigeria,Oil_Gas,,,,
Nigerian militant group says it blew up Brass-Tebidada oil pipeline,06/02/2016,,Brass,Bayelsa,0,,,,Other Armed Actor,,,,,,,,,,,,,,,0,,,Bomb,,,,,,,,,,,,Other,,http://af.reuters.com/article/nigeriaNews/idAFL4N18V2KS?feedType=RSS&feedName=nigeriaNews,,,4.533239841,6.410749912,"Brass, Bayelsa, Nigeria",Nigeria,Oil_Gas,,,,
"Delta Avengers reject Nigeria talks, blow up Chevron site",06/08/2016,,Warri South West,Delta,0,,,,Other Armed Actor,,,,,,,,,,,,,,,0,,,Bomb,,,,,,,,,,,,Other,,http://af.reuters.com/article/nigeriaNews/idAFL8N1901NN?feedType=RSS&feedName=nigeriaNews,,,5.48168993,5.734829903,"Warri South West, Delta, Nigeria",Nigeria,Oil_Gas,,,,
Blast hits NPDC pipeline in Nigeria's Delta region,06/09/2016,,Warri South West,Delta,0,,,,Other Armed Actor,,,,,,,,,,,,,,,0,,,Bomb,,,,,,,,,,,,Other,,http://af.reuters.com/article/nigeriaNews/idAFL8N1920G8?feedType=RSS&feedName=nigeriaNews,,,5.48168993,5.734829903,"Warri South West, Delta, Nigeria",Nigeria,Oil_Gas,,,,
Nigerian official confirms attack on ENI pipeline in Niger Delta,06/10/2016,,Brass,Bayelsa,0,,,,Other Armed Actor,,,,,,,,,,,,,,,0,,,Bomb,,,,,,,,,,,,Other,,http://af.reuters.com/article/nigeriaNews/idAFL8N1923AB?feedType=RSS&feedName=nigeriaNews,,,4.533239841,6.410749912,"Brass, Bayelsa, Nigeria",Nigeria,Oil_Gas,,,,
Niger Delta militants blow up NNPC Pipeline,16/06/2016,,Oruk Anam,Akwa Ibom,0,,,,Other Armed Actor,,,,,,,,,,,,,,,0,,,Bomb,,,,,,,,,,,,Other,,http://af.reuters.com/article/nigeriaNews/idAFL4N1982OF?feedType=RSS&feedName=nigeriaNews,http://sunnewsonline.com/avengers-blow-up-nnpc-pipeline-in-akwa-ibom/,,4.816667,7.65,"Oruk Anam, Akwa Ibom, Nigeria",Nigeria,Oil_Gas,,,,
"Niger Delta: Miltants strike again, blow Shell pipeline in Imo",22/06/2016,Awara ,Ohaji/Egbema,Imo,0,,,,Other Armed Actor,,,,,,,,,,,,,,,0,,,Bomb,,,,,,,,,,,,Other,Called themselves the 'Red Scorpion',http://sunnewsonline.com/niger-delta-miltants-strike-again-blow-shell-pipeline-in-imo/,http://www.premiumtimesng.com/news/top-news/205869-police-confirm-attack-shell-facility-imo.html,,5.354380131,6.771180153,"Ohaji/Egbema, Imo, Nigeria",Nigeria,Oil_Gas,,,,
Niger Delta Militants Blow Up Agip Pipeline In Bayelsa,07/08/2016,,Brass,Bayelsa,0,,,,Other Armed Actor,,,,,,,,,,,,,,,0,,,Bomb,,,,,,,,,,,,Other,,http://saharareporters.com/2016/07/08/niger-delta-militants-blow-agip-pipeline-bayelsa,http://af.reuters.com/article/nigeriaNews/idAFL8N19U1EA?feedType=RSS&feedName=nigeriaNews,,4.533239841,6.410749912,"Brass, Bayelsa, Nigeria",Nigeria,Oil_Gas,,,,
Attackers blow up gas pipeline in southwest Nigeria,13/07/2016,Ogijo/Simawa,,Ogun,0,,,,Other Armed Actor,,,,,,,,,,,,,,,0,,,Bomb,,,,,,,,,,,,Other,,http://www.premiumtimesng.com/news/top-news/206914-suspected-militants-set-gas-pipeline-ablaze-ogun.html,http://af.reuters.com/article/nigeriaNews/idAFL8N1A04GC?feedType=RSS&feedName=nigeriaNews,,6.839389801,3.646189928,", Ogun, Nigeria",Nigeria,Oil_Gas,,,,
Niger Delta Avengers Blow Up Shell Facility Again,18/07/2016,Batan,Warri South West,Delta,0,,,,Other Armed Actor,,,,,,,,,,,,,,,0,,,Bomb,,,,,,,,,,,,Other,,http://saharareporters.com/2016/07/18/niger-delta-avengers-blow-shell-facility-again,http://af.reuters.com/article/nigeriaNews/idAFL8N1A43W2?feedType=RSS&feedName=nigeriaNews,,5.48168993,5.734829903,"Warri South West, Delta, Nigeria",Nigeria,Oil_Gas,,,,
Suspected militants attack Shell affiliated pipeline in Nigeria's Delta,31/07/2016,Odimodi,Burutu,Delta,0,,,,Other Armed Actor,,,,,,,,,,,,,,,0,,,Bomb,,,,,,,,,,,,Other,,http://af.reuters.com/article/nigeriaNews/idAFL8N1AI233?feedType=RSS&feedName=nigeriaNews,http://www.vanguardngr.com/2016/07/militants-attack-spdc-trunk-line-delta/,https://www.yahoo.com/news/militants-bomb-shell-oil-pipeline-nigeria-locals-211025482.html?ref=gs,5.327660084,5.739689827,"Burutu, Delta, Nigeria",Nigeria,Oil_Gas,,,,
Militants blow up Nigeria pipeline,08/10/2016,Urhobo,Isoko South,Delta,0,,,,Other Armed Actor,,,,,,,,,,,,,,,0,,,Bomb,,,,,,,,,,,,,Niger Delta Greenland Justice Mandate,http://af.reuters.com/article/nigeriaNews/idAFL8N1AS2XC?feedType=RSS&feedName=nigeriaNews,http://saharareporters.com/2016/08/10/new-militant-group-blows-oil-pipeline-delta-region,http://punchng.com/breaking-new-militant-group-blow-npdc-trunk-line-delta/,5.457650185,6.20483017,"Isoko South, Delta, Nigeria",Nigeria,Oil_Gas,,,,
Militants blow up NPDC oil installation in Delta,18/08/2016,,Udu,Delta,0,,,,Other Armed Actor,,,,,,,,,,,,,,,0,,,Bomb,,,,,,,,,,,,Other,,http://www.premiumtimesng.com/regional/south-south-regional/208901-militants-blow-npdc-oil-installation-delta.html,http://saharareporters.com/2016/08/19/militants-blow-npdc-oil-installation-delta-state,,5.482019901,5.866909981,"Udu, Delta, Nigeria",Nigeria,Oil_Gas,,,,
Militants attack pipeline in Nigeria's Delta as others pursue talks,30/08/2016,Ogor-Oteri,Ughelli South,Delta,0,,,,Other Armed Actor,,,,,,,,,,,,,,,0,,,Bomb,,,,,,,,,,,,Other,Niger Delta Greenland Justice Movement,http://af.reuters.com/article/nigeriaNews/idAFL8N1BB37E?feedType=RSS&feedName=nigeriaNews,http://www.vanguardngr.com/2016/08/breaking-news-militants-blow-another-facility-delta/,,5.371819973,5.799749851,"Ughelli South, Delta, Nigeria",Nigeria,Oil_Gas,,,,
Niger Delta Red Squad Blows Up Pipeline in Imo State,09/01/2016,,Ohaji/Egbema,Imo,0,,,,Other Armed Actor,,,,,,,,,,,,,,,0,,,Bomb,,,,,,,,,,,,Other,,http://www.authorityngr.com/2016/09/Niger-Delta-Red-Squad-Blows-Up-Pipeline-in-Imo-State/,,,5.354380131,6.771180153,"Ohaji/Egbema, Imo, Nigeria",Nigeria,Oil_Gas,,,,
Nigerian gunmen kidnap 15 local oil workers and driver in southern Rivers state,09/02/2016,,Ogba/Egbema/Ndoni,Rivers,0,,,,,Kidnapper,,,,,,,,,,,15,,,,,,,Gun,,,,,,,,,,,Other,,http://sunnewsonline.com/gunmen-abduct-14-oil-workers-in-rivers/,http://af.reuters.com/article/nigeriaNews/idAFL8N1BF09F?feedType=RSS&feedName=nigeriaNews,http://punchng.com/police-confirm-kidnap-15-oil-workers-rivers/,5.346700191,6.660950184,"Ogba/Egbema/Ndoni, Rivers, Nigeria",Nigeria,Oil_Gas,,,,
Militants blow up another facility in Delta,13/09/2016,,Ughelli North,Delta,0,,,,Other Armed Actor,,,,,,,,,,,,,,,0,,,Bomb,,,,,,,,,,,,Other,"Niger Delta Greenland Justice Mandate, NDGJM",http://sunnewsonline.com/militants-blow-up-another-facility-in-delta/,http://www.vanguardngr.com/2016/09/militants-blow-up-another-pipelin/,http://news2.onlinenigeria.com/news/general/520948-militants-blow-up-another-pipeline-in-delta.html,5.506229877,5.976990223,"Ughelli North, Delta, Nigeria",Nigeria,Oil_Gas,,,,
Militants claim attack on NPDC oil pipeline in Niger Delta,18/09/2016,Ekuigbo,Ughelli North,Delta,0,,,,Other Armed Actor,,,,,,,,,,,,,,,0,,,Bomb,,,,,,,,,,,,Other,Niger Delta Greenland Justice Mandate,http://af.reuters.com/article/nigeriaNews/idAFL8N1BV4MN?feedType=RSS&feedName=nigeriaNews,http://punchng.com/militants-blow-another-oil-facility-delta/,http://leadership.ng/business/551207/militants-attack-crude-oil-pipeline-in-delta,5.506229877,5.976990223,"Ughelli North, Delta, Nigeria",Nigeria,Oil_Gas,,,,
Nigerian militant group claims attack on oil pipeline in Niger Delta,29/09/2016,,Ughelli South,Delta,0,,,,Other Armed Actor,,,,,,,,,,,,,,,0,,,Bomb,,,,,,,,,,,,Other,Niger Delta Greenland Justice Mandate,http://af.reuters.com/article/nigeriaNews/idAFL8N1C520J?feedType=RSS&feedName=nigeriaNews,http://leadership.ng/news/552547/breaking-militant-group-blows-up-npdc-delivery-pipeline-in-delta,,5.371819973,5.799749851,"Ughelli South, Delta, Nigeria",Nigeria,Oil_Gas,,,,
Nigerian military confirms attack on state-owned NNPC's oil pipeline in Delta,13/10/2016,Iwhremaro,Ughelli South,Delta,0,,,,Other Armed Actor,,,,,,,,,,,,,,,0,,,Bomb,,,,,,,,,,,,Other,,http://www.thisdaylive.com/index.php/2016/10/14/militants-claim-breaching-delivery-line-in-delta/,http://af.reuters.com/article/nigeriaNews/idAFL8N1CK4YG?feedType=RSS&feedName=nigeriaNews,http://dailypost.ng/2016/10/15/militants-bomb-crude-oil-pipeline-delta-warns-fg-expect-attacks/,5.371819973,5.799749851,"Ughelli South, Delta, Nigeria",Nigeria,Oil_Gas,,,,
Attackers set NNPC crude pipeline on fire in Niger Delta,14/10/2016,,Ughelli North,Delta,0,,,,Other Armed Actor,,,,,,,,,,,,,,,0,,,,,,,Other,,,,,,,,Other,,http://af.reuters.com/article/nigeriaNews/idAFL8N1CL0O7?feedType=RSS&feedName=nigeriaNews,http://sunnewsonline.com/militants-bomb-another-oil-facility-in-delta/,http://www.authorityngr.com/2016/10/Militants-resume-Attacks--Blow-up-pipeline-in-Delta-State-/,5.506229877,5.976990223,"Ughelli North, Delta, Nigeria",Nigeria,Oil_Gas,,,,
Niger Delta Avengers say attacked Nigeria's Chevron Escravos pipeline,25/10/2016,,Warri South West,Delta,0,,,,Other Armed Actor,,,,,,,,,,,,,,,0,,,Bomb,,,,Other,,,,,,,,Other,,http://af.reuters.com/article/nigeriaNews/idAFL4N1CV3RK?feedType=RSS&feedName=nigeriaNews,http://www.vanguardngr.com/2016/10/avengers-blow-chevron-export-pipeline-delta/,,5.48168993,5.734829903,"Warri South West, Delta, Nigeria",Nigeria,Oil_Gas,,,,
Nigerian oil workers union confirms attack on NPC pipeline in Niger Delta,29/10/2016,,Ughelli North,Delta,0,,,,Other Armed Actor,,,,,,,,,,,,,,,0,,,Bomb,,,,,,,,,,,,Other,,http://nationalmirroronline.net/new/again-militants-destroy-oil-facility-in-delta-restate-disbelief-in-clarks-dialogue-team/,http://af.reuters.com/article/nigeriaNews/idAFL8N1D12VX?feedType=RSS&feedName=nigeriaNews,http://news2.onlinenigeria.com/news/general/550088-militants-blow-up-another-pipeline-in-delta.html,5.506229877,5.976990223,"Ughelli North, Delta, Nigeria",Nigeria,Oil_Gas,,,,
Nigerian militant group MEND claims attack on Trans-Forcados pipeline,11/02/2016,Bantan,Warri South West,Delta,0,,,,Other Armed Actor,,,,,,,,,,,,,,,0,,,Bomb,,,,,,,,,,,,Other,,http://saharareporters.com/2016/11/02/militants-blow-crude-oil-export-line-npdcs-flow-station-delta-state,http://af.reuters.com/article/nigeriaNews/idAFL8N1D52EH?feedType=RSS&feedName=nigeriaNews,http://sunnewsonline.com/militants-bomb-oil-installation-in-delta/,5.48168993,5.734829903,"Warri South West, Delta, Nigeria",Nigeria,Oil_Gas,,,,
4 escape death as suspected militants attack Trans-Forcados pipeline again,11/08/2016,Eresigbene ,Warri South West,Delta,0,,,,Other Armed Actor,,,,,,,,,,,,,,,0,,,Bomb,Gun,,,,,,,,,,,Other,,http://af.reuters.com/article/nigeriaNews/idAFL8N1D93XB?feedType=RSS&feedName=nigeriaNews,http://www.vanguardngr.com/2016/11/4-escape-death-suspected-militants-attack-trans-forcados-pipeline/,http://dailytimes.ng/militants-bomb-ppmc-pipeline/,5.48168993,5.734829903,"Warri South West, Delta, Nigeria",Nigeria,Oil_Gas,,,,
"Militants bomb Oando, Shell, Agip Oil trunk lines in Bayelsa",15/11/2016,,Nembe,Bayelsa,0,,,,Other Armed Actor,,,,,,,,,,,,,,,0,,,Bomb,,,,,,,,,,,,Other,Niger Delta Avengers,http://sunnewsonline.com/militants-bomb-oando-shell-agip-oil-trunk-lines-in-bayelsa/,http://af.reuters.com/article/nigeriaNews/idAFL8N1DG402?feedType=RSS&feedName=nigeriaNews,http://www.nwitimes.com/business/militants-claim-bombing-of-oil-pipelines-in-south-nigeria/article_6e2c93e5-e280-56f3-92cd-71fd50bc383c.html,4.534639835,6.400000095,"Nembe, Bayelsa, Nigeria",Nigeria,Oil_Gas,,,,
Gunmen kill 4 NSCDC men guarding oil facilities,21/11/2016,Omoku,Ogba/Egbema/Ndoni,Rivers,4,,State Actor,,Other Armed Actor,,,,,,,4,,,,,,,,,,,,Gun,,,,,,,,,,,Other,,http://sunnewsonline.com/gunmen-kill-4-nscdc-men-guarding-oil-facilities/,http://punchng.com/gunmen-kill-three-nscdc-operatives-rivers/,http://www.thisdaylive.com/index.php/2016/11/23/gunmen-in-military-uniform-kill-four-nscdc-operatives-in-rivers/,5.346700191,6.660950184,"Ogba/Egbema/Ndoni, Rivers, Nigeria",Nigeria,Oil_Gas,,,,
Gunmen kill Anambra oil magnate’s aide,26/11/2016,Umudnu,Njikoka,Anambra,1,,,,Other Armed Actor,,,,,,,,,,,,,,,1,,,,Gun,,,,,,,,,,,Other,,http://punchng.com/gunmen-kill-anambra-oil-magnates-aide/,,,6.220610142,7.008520126,"Njikoka, Anambra, Nigeria",Nigeria,Oil_Gas,,,,
Niger Delta militants claim attack on state-owned NNPC's oil pipeline,27/11/2016,Out-Jeremi,Ughelli South,Delta,0,,,,Other Armed Actor,,,,,,,,,,,,,,,0,,,Bomb,,,,,,,,,,,,Other,,http://af.reuters.com/article/nigeriaNews/idAFL8N1DT2VS?feedType=RSS&feedName=nigeriaNews,http://saharareporters.com/2016/11/27/explosion-rocks-delta-state-pipeline,http://sunnewsonline.com/confusion-as-explosion-rocks-delta-npdc-pipeline-in-flames/,5.371819973,5.799749851,"Ughelli South, Delta, Nigeria",Nigeria,Oil_Gas,,,,
NPDC crude oil pipeline set ablaze in Delta,18/01/2017,,Ughelli South,Delta,0,,,,Other Armed Actor,,,,,,,,,,,,,,,0,,,Bomb,,,,,,,,,,,,Other,,http://www.vanguardngr.com/2017/01/npdc-crude-oil-pipeline-set-ablaze-delta-2/,http://punchng.com/breaking-militants-blow-pipeline-osinbajos-visit/,,5.371819973,5.799749851,"Ughelli South, Delta, Nigeria",Nigeria,Oil_Gas,,,,
"Gunmen kill ex-oil worker, injure son",02/10/2017,,Oredo,Edo,1,,,,Other Armed Actor,,,,,,,,,,,,,,,1,,,,Gun,,,,,,,,,,,Other,,http://punchng.com/gunmen-kill-ex-oil-worker-injure-son-2/,,,6.272409916,5.583789825,"Oredo, Edo, Nigeria",Nigeria,Oil_Gas,,,,
Suspected oil rebels attack Niger Delta pipeline,20/05/2017,,Warri South West,Delta,0,,,,Other Armed Actor,,,,,,,,,,,,,,,0,,,Bomb,,,,,,,,,,,,Other,,http://www.vanguardngr.com/2017/05/suspected-oil-rebels-attack-niger-delta-pipeline/,,,5.481939793,5.735320091,"Warri South West, Delta, Nigeria",Nigeria,Oil_Gas,,,,
"Gunmen strike in Nasarawa kill 1, abduct oil magnate",08/09/2017,,Keffi,Nasarawa,1,,,,,Kidnapper,,,,,,,,,,,1,,,1,,,,Gun,,,,,,,,,,,Other,,http://www.premiumtimesng.com/regional/north-central/239963-gunmen-strike-nasarawa-kill-1-abduct-oil-magnate.html,,,8.84679985,7.882410049,"Keffi, Nasarawa, Nigeria",Nigeria,Oil_Gas,,,,
Two soldiers wounded in gun battle with oil thieves in Rivers,09/04/2017,Bille,Demsa,Rivers,0,,State Actor,,Other Armed Actor,,,,,,,0,,,,,,,,,,,,Gun,,,,,,,,,,,Other,,http://www.premiumtimesng.com/regional/south-south-regional/242589-two-soldiers-wounded-gun-battle-oil-thieves-rivers.html,http://sunnewsonline.com/rivers-soldiers-alive-following-shootout-with-criminals-says-army-spokesman/,,9.424070358,12.13379002,"Demsa, Rivers, Nigeria",Nigeria,Oil_Gas,,,,
Gunmen abduct five oil workers in Niger Delta,17/01/2018,Ajoki,Warri North,Delta,0,,,,Other Armed Actor,,,,,,,,,,,,5,,,,,,,Gun,,,,,,,,,,,Other,,http://punchng.com/breaking-gunmen-abduct-five-oil-workers-in-niger-delta/,http://sunnewsonline.com/militants-abduct-5-oil-workers-in-niger-delta/,https://www.vanguardngr.com/2018/01/gunmen-abduct-five-oil-workers-delta-states/,6.00289011,5.468669891,"Warri North, Delta, Nigeria",Nigeria,Oil_Gas,,,,
"Two pipeline guards murdered, buried in shallow grave in Lagos",07/11/2018,,Lagos State,Lagos,2,,,,Other Armed Actor,,,,,,,,,,,,,,,2,,,,Gun,,,Other,,,,,,,,Other,,https://www.vanguardngr.com/2018/07/two-pipeline-guards-murdered-buried-in-shallow-grave-in-lagos/,,,6.45471,3.38876009,"Lagos State, Lagos, Nigeria",Nigeria,Oil_Gas,,,,
"Gunmen Abduct Oil Workers, Two Others in Bayelsa",10/04/2018,,Southern Ijaw,Bayelsa,0,,,,,Kidnapper,,,,,,,,,,,4,,,,,,,Gun,,,,,,,,,,,Other,They later were freed,https://www.thisdaylive.com/index.php/2018/10/10/gunmen-abduct-oil-workers-two-others-in-bayelsa/,https://www.premiumtimesng.com/news/top-news/289527-four-abducted-oil-workers-in-bayelsa-regain-freedom.html,https://guardian.ng/news/gunmen-abduct-agip-nosdra-workers-in-bayelsa/,4.9709902,6.105569839,"Southern Ijaw, Bayelsa, Nigeria",Nigeria,Oil_Gas,,,,
"7 killed, houses razed in fight over oil-rich Benue land",12/02/2018,,Apa,Benue,7,,,Sectarian Actor,,,,,,,,,7,,,,,,,,,,,Gun,,,Other,,,,,,,,Other,,https://www.vanguardngr.com/2018/12/7-killed-houses-razed-in-fight-over-oil-rich-benue-land/,,,7.6531701,7.885469913,"Apa, Benue, Nigeria",Nigeria,Oil_Gas,,,,
Herdsmen kidnap oil firm worker in Delta,12/02/2018,Okpai,Ndokwa East,Delta,0,,,Sectarian Actor,,,,,,,,,,,,,1,,,,,,,Gun,,,,,,,,,,,Other,,https://www.vanguardngr.com/2018/12/herdsmen-kidnap-oil-firm-worker-in-delta/,https://sunnewsonline.com/suspected-herdsmen-kidnap-oil-worker-in-delta/,,5.6349602,6.402019978,"Ndokwa East, Delta, Nigeria",Nigeria,Oil_Gas,,,,
"Black Wednesday in Lagos as pipeline explosion razes over 50 vehicles, 100 houses",19/12/2018,,Lagos State,Lagos,0,,,,Other Armed Actor,,,,,,,,,,,,,,,0,,,,,,,Other,,,,,,,,Other,Pipeline vandals triggered the explosion; casualty count unknown,https://guardian.ng/news/black-wednesday-in-lagos-as-pipeline-explosion-razes-over-50-vehicles-100-houses/,https://www.premiumtimesng.com/news/headlines/301843-just-in-cars-houses-burnt-as-explosion-rocks-abule-egba-lagos.html,https://www.thisdaylive.com/index.php/2018/12/19/vehicles-houses-razed-as-vandals-cause-pipeline-explosion-in-abule-egba/,6.45471,3.38876009,"Lagos State, Lagos, Nigeria",Nigeria,Oil_Gas,,,,
Two feared dead in confrontation over Rivers oil spills,20/04/2019,Kegbara-Dere ,Gokana,Rivers,2,,State Actor,,,,,,,,,,,,,,,,,2,,,,Gun,,,,,,,,,,,Other,,https://www.evernote.com/l/AYIO72Ql-4dOCL0Vy0TbwVjt1r-criQg62I,https://www.evernote.com/l/AYKQdLDLy3hAVLINw_IOLLLr3eA9RVk2CLg,https://www.evernote.com/l/AYIY0l9A_m1BLZvJk-r6E8T7NhYjJpLHK0U,4.651917,7.288753033,"Gokana, Rivers, Nigeria",Nigeria,Oil_Gas,,,,
Nigerian pirates abduct six sailors from oil tanker,19/04/2019,,Bonny,Rivers,0,,,,,Kidnapper,,,,,,,,,,,6,,,,,,,,,,,,,,,,,,Other,,https://www.evernote.com/l/AYL-VzJgAWRBJpyQzwPo51nTCHN0h9oytb8,https://www.evernote.com/l/AYJs8c3T8EJK3ouKmkW5L90boPsEA1fwxdM,https://www.evernote.com/l/AYKELlVSFKxP3r4PgDaW5BA23mjPaIrRuU4,4.4356732,7.175868034,"Bonny, Rivers, Nigeria",Nigeria,Oil_Gas,,,,
"Gunmen kidnap Canadian, Scottish oil workers from Nigerian oil rig",27/04/2019,Ogbele,Ahoada East,Rivers,0,,,,,Kidnapper,,,,,,,,,,,3,,,,,,,Gun,,,,,,,,,,,Other,,https://www.evernote.com/l/AYLhoOr8pF5KTI_5VLmGNSAqjSZuhjQry7A,https://www.evernote.com/l/AYL1rIRPvEZKFbmzL5NmOlBnU91oAl9M6CA,https://www.evernote.com/l/AYJAb-RImVZBv4eNyUv4lUI9rNTdLfYWQPU,5.0840602,6.649330139,"Ahoada East, Rivers, Nigeria",Nigeria,Oil_Gas,,,,
Gunmen kidnap five oil workers in Rivers,13/05/2019,Belemaoil,Akukutor,Rivers,0,,,,,Kidnapper,,,,,,,,,,,5,,,,,,,Gun,,,,,,,,,,,Other,,https://www.evernote.com/l/AYImykBsqEdBzq6-p0Ehul5AfLJtnUn0rTI,https://www.evernote.com/l/AYIPDkXC8a1F4Is6fkXc6oFZhP-O7u4ATqU,https://www.evernote.com/l/AYLfDGd8k5ZGbqh99pUROr0lMUFwprnrRFk,4.8389101,6.912553787,"Akukutor, Rivers, Nigeria",Nigeria,Oil_Gas,,,,
"Three Dead, 31 Cars Razed, in Lagos Pipeline Explosion Caused by Vandals",07/04/2019,Ijegun,Alimosho,Lagos,3,,,,Other Armed Actor,,,,,,,,,,,,,,,3,,,,,,,Other,,,,,,,School,Other,,https://www.evernote.com/l/AYKziajjcOtNOKPLcEhZUhkgjpaFTOoI-Cw,https://www.evernote.com/l/AYKjxRAMcxRJ1JqwRy6YDSiW4eeqAX2vWeg,https://www.evernote.com/l/AYLELkugf4tAQodMM4SAjngZlRz0sSqUV08,6.6092801,3.255709887,"Alimosho, Lagos, Nigeria",Nigeria,Oil_Gas,,,,
Five Confirmed Killed In Abule Egba Pipeline Explosion,19/01/2020,Abule Egba ,Alimosho,Lagos,5,,,,Other Armed Actor,,,,,,,,,,,,,,,5,,,,,,,Other,,,,,,,,Other,vandal tampering,https://www.evernote.com/l/AYIfYQ0swidEerThTVxQWiYzEZxmLQ-BOEU,https://www.evernote.com/l/AYKPX6s9aCpMS43NIY44-WcglfY8u_siEZE,,6.6092801,3.255709887,"Alimosho, Lagos, Nigeria",Nigeria,Oil_Gas,,,,
Militants Bomb Agip Pipeline in Bayelsa,02/10/2020,Olugbobiri,Southern Ijaw,Bayelsa,0,,,,Other Armed Actor,,,,,,,,,,,,,,,0,,,Bomb,,,,,,,,,,,,Other,,https://www.evernote.com/l/AYLct5hb_79PzI3sWH64ZMrKDwJEm_olH5I,,,4.9709902,6.105569839,"Southern Ijaw, Bayelsa, Nigeria",Nigeria,Oil_Gas,,,,
Pirates kidnap 10 crew members of oil tanker in Nigerian waters,05/01/2020,,,Lagos,0,,,,Other Armed Actor,,,,,,,,,,,,10,,,,,,Bomb,,,,,,,,,,,,Other,offshore; no location given,https://www.evernote.com/l/AYI5ZtiMu1hLwp0X-PGQJuFVNJAFvuW0MMs,https://www.evernote.com/l/AYKWsEPXcDVMKawri5ZcaXZQ0F34UP3LNnA,https://www.evernote.com/l/AYLbP9loXWlJuacNcF1sH_SZEhdo-x7xF-Y,6.4547,3.38876009,", Lagos, Nigeria",Nigeria,Oil_Gas,,,,
"Pirates blow up Addax facility, abducts 10 workers",07/02/2020,Okwori,Port Harcourt,Rivers,0,,,,Other Armed Actor,,,,,,,,,,,,10,,,,,,Bomb,,,,,,,,,,,,Other,,https://www.evernote.com/l/AYJh-6C5CO1Nm7nQZDwnUvE612rblGcFd84,https://www.evernote.com/l/AYIU2tkMCdFLH5f4-_3JtQT5kn8tmyAd3Yg,https://www.evernote.com/l/AYIZ3if7YytKZr0ld12JXSn18z1HrWRje34,4.771492,7.014348984,"Port Harcourt, Rivers, Nigeria",Nigeria,Oil_Gas,,,,
"Militants resume attack again, Bomb Shell gas pipeline in Bayelsa",23/11/2020,Ikarama and Kalaba,Yenegoa,Bayelsa,0,,,,Other Armed Actor,,,,,,,,,,,,,,,0,,,Bomb,,,,,,,,,,,,Other,,https://www.evernote.com/l/AYKe6x5WQfZIMb0nzxX3vXc1cDBRRTcnq9s,https://www.evernote.com/l/AYKDMoZdWzlG7bI0daj0n2MpQ5CGazWE7H4,https://www.evernote.com/l/AYJ96oiwGfxLfrQWNTE8vff8VdOhB6Zz-oA,4.93577,6.272170067,"Yenegoa, Bayelsa, Nigeria",Nigeria,Oil_Gas,,,,
Kogi gunmen kill Saudi-based oil expert after ordering last prayer,01/09/2021,,Idah,Kogi,1,,,,Other Armed Actor,,,,,,,,,,,,,,,1,,,,Gun,,,,Targeted Killing,,,,,,,Other,,https://www.evernote.com/l/AYIk5vPySJhA9L2iVSsxy8_4PaXknEam9ao,https://www.evernote.com/l/AYJVtDSazZNN252Fu7TZ3KN9qtYUpaLpQwg,https://www.evernote.com/l/AYK7QA4rr9tCIK_mN_3vS9T6FCryihdLfS0,7.1136479,6.743453979,"Idah, Kogi, Nigeria",Nigeria,Oil_Gas,,,,
Oil thieves attack NSCDC operatives in Bayelsa,30/01/2021,,Ekeremor,Bayelsa,0,,State Actor,,Other Armed Actor,,,,,,,0,,,,,,,,,,,,Gun,,,,,,,,,,,Other,,https://www.evernote.com/l/AYLgKqVo65dK1I7AR8B-GU8AzGPU32-_u-U,https://www.evernote.com/l/AYK2Brv42UpPn7Z5q-Cn660tsR8K1az_Z2c,https://www.evernote.com/l/AYJmoP4_imVA4ptPapwAE765nCeeR01qfYQ,5.0500002,5.782999992,"Ekeremor, Bayelsa, Nigeria",Nigeria,Oil_Gas,,,,
Five electricity workers injured in IED planted by Boko Haram in Borno,27/02/2021,Mainok,Kaga,Borno,0,Boko Haram,,,,,,,,,,,,,,,,,,0,,,Bomb,,,,,,,,,,,,Other,,https://www.evernote.com/l/AYIvakFw75pEVbrECaXkQLHFOXsdN66wZLA,https://www.evernote.com/l/AYJxQabQgZBAAaCVYd8vDvkMWV2MrhebHSE,https://www.evernote.com/l/AYIiITAu_s1PrKxylQ5Be3XNotzP5s-DGK0,11.90866,13.16032791,"Kaga, Borno, Nigeria",Nigeria,Power,,,,
Suspected militants set ablaze Agip oil pipelines in Bayelsa community,22/03/2021,Egbematoru,Southern Ijaw,Bayelsa,0,,,,Other Armed Actor,,,,,,,,,,,,,,,0,,,,,,,Other,,,,,,,,Other,,https://www.evernote.com/l/AYKEDYyYTSVGWKD7mTJUTjupC6JBiRDRtMk,https://www.evernote.com/l/AYLIZH3yUvZF15SAqETHoD3DJtIJj2JCv6w,https://www.evernote.com/l/AYJE0h7KZf1OmIujjCmaOHugTp2qTXcBABE,4.6999998,5.967000008,"Southern Ijaw, Bayelsa, Nigeria",Nigeria,Oil_Gas,,,,
"Again, B'Haram Terrorists Throw Maiduguri Into Darkness, Blow Up Power Tower",27/03/2021,,Maidugur,Borno,0,Boko Haram,,,,,,,,,,,,,,,,,,0,,,Bomb,,,,,,,,,,,,Other,,https://www.evernote.com/l/AYIN4ai2GU1P9LSToaPGlmZzQTQBR1NB08Q,https://www.evernote.com/l/AYJwYu72AChIHZ8iADVzMZiWGQOz2Fc8wyQ,https://www.evernote.com/l/AYKr-dm1dRNM-ru_Pp1a1Gnw-hmur_oE8f4,11.837855,13.14281368,"Maidugur, Borno, Nigeria",Nigeria,Oil_Gas,,,,
"Gunmen Attack Delta Residents, Abduct Oil Worker",08/05/2021,Okuokoko,Okpe,Delta,0,,,,,Kidnapper,,,,,,,,,,,1,,,,,,,Gun,,,,,,,,,,,Other,,https://www.evernote.com/l/AYIVZkDe6k5LKIUgUtqNz4unwr7dnCcYgQU,,,5.4330001,5.949999809,"Okpe, Delta, Nigeria",Nigeria,Oil_Gas,,,,
"Gunmen ambush Imo oil workers, kill police officer, 6 others",16/08/2021,Assa,Ohaji/Eg,Imo,7,,,,Other Armed Actor,,,,,,,1,,,,,,,,6,,,,Gun,,,,,,,,,,,Other,,https://www.evernote.com/l/AYIl33Eqq1ZM8awpvvlO82Io8puPqARXq2g,https://www.evernote.com/l/AYJH_KXFhBFKuJgfqjWmVTK1PA6LiPaOpPg,https://www.evernote.com/l/AYJW_okgzwZMNZY__kVWOMjKIIe7ffyr2K4,5.413179,6.837938,"Ohaji/Eg, Imo, Nigeria",Nigeria,Oil_Gas,,,,
"3 feared dead as suspected soldiers, oil smugglers clash in Imo",10/08/2021,"Umuokwe, Aboshi, Izombe",Oguta,Imo,3,,State Actor,,Other Armed Actor,,,,,,,2,,,,,,,,1,,,,Gun,,,Other,,,,,,,,Other,"2 soldiers, 1 civ killed",https://www.evernote.com/l/AYLLGEV-GLNFfqnqXjLoWLGmAzY5Y_4AsXk/,https://www.evernote.com/l/AYLiss18U9NA27kmjq5hUPoiN-kscy7yUCk/,https://www.evernote.com/l/AYLqfJ8eR5NGL5KyLqWJfr4lODDeqqVKKv4/,5.7116699,6.809440136,"Oguta, Imo, Nigeria",Nigeria,Oil_Gas,,,,
Militants blow up Agip facility in Rivers,16/11/2021,,Ogba/Egbe,Rivers,0,,,,Other Armed Actor,,,,,,,,,,,,,,,0,,,Bomb,,,,,,,,,,,,Other,Ogba/Egbema/Andoni,https://www.evernote.com/l/AYJugSmNnj1E2JEdWskOeSZOS1pYl-0p-ig/,https://www.evernote.com/l/AYIK07WvlSpO-oM0q1yDZ5RDwSAVowrpzEE/,https://www.evernote.com/l/AYJSWDoUuY5Ke4PPNTJ2HpxhwdmHZmKC35U/,6.56369,8.93618,"Ogba/Egbe, Rivers, Nigeria",Nigeria,Oil_Gas,,,,
"Pirates kill four, kidnap seven, ambush oil workers, NSCDC operatives",28/11/2021,Ogbokiri-Akassa,Brass,Bayelsa,0,,,,Other Armed Actor,,,,,,,,,,,,6,,,,,,,,,,,,,,,,,,Other,,https://www.evernote.com/l/AYKfmfpTB-VNnI5KmKjcmvbuR8v_B-gPIeA/,https://www.evernote.com/l/AYKXeshE2XtJvJpsYn8nYK6PQ0Ae-DEpb3M/,https://www.evernote.com/l/AYK6fk0ONdlElJBeMaoM8xLnWsDB45OGmDA/,4.3150001,6.241670132,"Brass, Bayelsa, Nigeria",Nigeria,Oil_Gas,,,,
"Pirates kill four, kidnap seven, ambush oil workers, NSCDC operatives",28/11/2021,Okoroma,Nembe,Bayelsa,4,,,,Other Armed Actor,,,,,,,1,,,,,1,,,3,,,,Gun,,,,,,,,,,,Other,,https://www.evernote.com/l/AYKfmfpTB-VNnI5KmKjcmvbuR8v_B-gPIeA/,https://www.evernote.com/l/AYKXeshE2XtJvJpsYn8nYK6PQ0Ae-DEpb3M/,https://www.evernote.com/l/AYK6fk0ONdlElJBeMaoM8xLnWsDB45OGmDA/,4.5329981,6.400177956,"Nembe, Bayelsa, Nigeria",Nigeria,Oil_Gas,,,,
"Pirates kidnap NSCDC operative, 4 oil workers in Bayelsa",12/06/2021,,Southern Ijaw,Bayelsa,0,,,,Other Armed Actor,,,,,,,,,,,,5,,,,,,,,,,,,,,,,,,Other,,https://www.evernote.com/l/AYLIhObP6r9IJ6xAujfJXSV4H0yxCncizxI/,https://www.evernote.com/l/AYInCxRp5vlJVY8YbgmrR1S_dKFkZHmtXt4/,https://www.evernote.com/l/AYIRYL2Yc2JI5KNHl2sywoa4VPjEZ2hscGw/,4.8028741,6.080149174,"Southern Ijaw, Bayelsa, Nigeria",Nigeria,Oil_Gas,,,,
Gunmen kill oil worker in Akwa Ibom ,20/01/2022,Unyenge,Mbo,Akwa Ibom,1,,,,Other Armed Actor,,,,,,,,,,,,,,,1,,,,,,,,,,,,,,,Other,,https://www.evernote.com/l/AYKcZ8_c8kZGiqGbMvXbXoZu7vhcGPxbuYo/,https://www.evernote.com/l/AYJqRIlznpVDfrzfNyOEZNrTJD9tLvB_0FI/,,4.6761179,8.192606926,"Mbo, Akwa Ibom, Nigeria",Nigeria,Oil_Gas,,,,
"24-hour after parade of suspects, gunmen attack Okomu oil to avenge arrest",22/02/2022,,OviaSouth-West,Edo,0,,,,Other Armed Actor,,,,,,,,,,,,,,,0,,,,,,,Other,,,,,,,,Other,,https://www.evernote.com/l/AYKQEwUIpytEtZmn-X8Usc4hW39TtBU26MY/,https://www.evernote.com/l/AYKonWQOIvZBeY2Kog5bzR18yL-EwkizabI/,,6.7430501,5.350279808,"OviaSouth-West, Edo, Nigeria",Nigeria,Oil_Gas,,,,
Agip Gas Pipeline Vandalised Again in Bayelsa,04/06/2022,Okaka and Azikoro,Yenegoa,Bayelsa,0,,,,Other Armed Actor,,,,,,,,,,,,,,,0,,,,,,,Other,,,,,,,,Other,,https://www.evernote.com/l/AYK5GBMCLXJNCov1IsrT6ndyBKSxnZ3rDnU/,https://www.evernote.com/l/AYI-69Cl9XdHQa5w75OV7tJAEvea7rS6_i0/,,4.93577,6.272170067,"Yenegoa, Bayelsa, Nigeria",Nigeria,Oil_Gas,,,,
Two bombers killed in Imo oil firm blast,05/04/2022,Izombe,Oguta,Imo,2,,,,Other Armed Actor,,,,,,,,,2,,,,,,,,,Bomb,,,,,,,,,,,,Other,killed themselves,https://www.evernote.com/l/AYJUgJvH0whAQIM1ncmfjR2y7OJHGXsqP3w/,https://www.evernote.com/l/AYIDifxfDUpJobQGUUEA1eaz9YaUs0VSZn8/,https://www.evernote.com/l/AYLdC1y-YLtJaYuGaJ6AP6hPm2qekz5Uooc/,5.7116699,6.809440136,"Oguta, Imo, Nigeria",Nigeria,Oil_Gas,,,,
Bakassi Peninsula Crisis Deepens As Suspected Biafra Militants Abduct Female Oil Worker,06/02/2022,Idabato,Ndian,Sud-Ouest,0,,,,Other Armed Actor,,,,,,,,,,,,1,,,,,,,,,,,,,,,,,,Other,,https://www.evernote.com/l/AYKUJsHgJktHmqmSO6SmK-YmQLOs5CbQ8Ps/,,,4.501931,8.542088,"Ndian, Sud-Ouest, Cameroon",Cameroon,Oil_Gas,,,,
Tension in Delta as soldiers guarding oil export terminal kill youth,27/06/2022,Ogulagha,Burutu,Delta,1,,State Actor,,,,,,,,,,,,,,,,,1,,,,Gun,,,,,,,,,,,Other,,https://www.evernote.com/l/AYKqKuqCgYdCRJQEgRcyd2351eQlVHXKBlg/,https://www.evernote.com/l/AYIfFkYn0-RDAJOkB5jBw_g8oL5FpHon2v4/,https://www.evernote.com/l/AYIVhJfiYl9N0rA9QemVQeFrLoxL0zWtPSM/,5.3499999,5.517000198,"Burutu, Delta, Nigeria",Nigeria,Oil_Gas,,,,
Gunmen Abduct Oil Mogul In Kogi,07/09/2022,Idare,Okene,Kogi,0,,,,,Kidnapper,,,,,,,,,,,1,,,,,,,Gun,,,,,,,,,,,Other,,https://www.evernote.com/l/AYJXMXkoFiVEt7mZSE9KcvSNDs-QbzPzeWo/,https://www.evernote.com/l/AYKMpxrl49ZMOogYZnd9ABPhTkXLoCKAZyw/,https://www.evernote.com/l/AYIkMxH7T8lOzb8lhtTwCYakMCsKcK7KFpw/,7.541595,6.241734982,"Okene, Kogi, Nigeria",Nigeria,Oil_Gas,,,,
"Suspected crude oil bunkers attack checkpoint, kill policeman in Bayelsa",07/07/2022,Famgbe,Yenegoa,Bayelsa,1,,State Actor,,Other Armed Actor,,,,,,,1,,,,,,,,,,,,Gun,,,,,,,,,,,Other,,https://www.evernote.com/l/AYJMTaKxJLpArqmE6PwW8ypwPNXYUs8vFfg/,https://www.evernote.com/l/AYKzN2jBOIRLlLBHvfUNWxwvQpQOh239FHk/,https://www.evernote.com/l/AYK1WHWbLzlDB6w_y_1zaSb65GldsgOqZr4/,4.93577,6.272170067,"Yenegoa, Bayelsa, Nigeria",Nigeria,Oil_Gas,,,,
Armed group reportedly abducts oil workers in Bakassi,11/05/2022,,Bakassi,Cross River,0,,,,Other Armed Actor,,,,,,,,,,,,3,,,,,,,Gun,,,,,,,,,,,Other,"suspected separatist militants affiliated to the Biafra Nations League, BnL",https://www.evernote.com/shard/s386/sh/5337bf2d-b1ee-4383-a9d2-4e96469c1916/74b411fd1ba296c3a125af538031c0e6,,,4.5830002,8.600000381,"Bakassi, Cross River, Nigeria",Nigeria,Oil_Gas,,,,
"Gunmen shoot 4 policemen dead, abduct oil coy executive Seni Awosike",24/11/2022,Rumuokoro ,Obio/Akp,Rivers,4,,,,Other Armed Actor,,,,,,,4,,,,,1,,,,,,,Gun,,,,,,,,,,,Other,,https://www.evernote.com/shard/s386/sh/d19e75c7-200d-4a40-b724-1aa52ef0708d/85b04a1b0fed02c9a2f6a08162ba97e2,https://www.evernote.com/shard/s386/sh/94cf343c-f0e0-4dae-b3d3-42ef8cfa6f44/0f5f0bc922bb1e83fbbd66d4b18dab83,,4.870660,7.010075,"Obio/Akp, Rivers, Nigeria",Nigeria,Oil_Gas,,,,
Angry mob destroys security tower as commercial tricycle operator killed in plateau,12/04/2022,Dutse Uku,Jos North,Plateau,1,,State Actor,,,,,Other,,,,,,,,,,,,1,,,,Gun,,,Other,,,,,,,,Other,,https://www.evernote.com/shard/s386/sh/fd4a5ad3-2c71-4903-a87c-4c15be6f2482/6964492c96966d9c3cab7ca11bb0890c,https://www.evernote.com/shard/s386/sh/17d8b449-7b35-4381-b96e-5b5bbb7ae46a/dd513e3c1900c120c4ce2f5c93ad58c0,,11.837855,13.14281368,"Jos North, Plateau, Nigeria",Nigeria,Power,,,,
Tension in Delta community as illegal oil thieves attack police,29/05/2022,Oghior,Udu,Delta,0,,State Actor,,Other Armed Actor,,,,,,,0,,,,,,,,,,,,Gun,,,,,,,,,,,Other,,https://www.evernote.com/shard/s386/sh/3d3d8239-6958-4191-83e4-a1529347231d/GlvholAZp3FTaM6Jk6naYneZ6eqDxAI-e_5y18u6AWN_mykMRGSXKEsqzg,,,5.75,5.717000008,"Udu, Delta, Nigeria",Nigeria,Oil_Gas,,,,
"Anti Oil Theft: Troops Raid Militants’ Camp, Capture Armoury",25/06/2022,Azuzuama ,Southern Ijaw,Bayelsa,0,,State Actor,,Other Armed Actor,,,,,,,,,0,,,,,,,,,,Gun,,,,,,,,,,,Other,,https://www.evernote.com/shard/s386/sh/1468f2ba-b7a7-40c3-bf1b-5b09b765cca1/jPxUTKqttxfMfYcteJvlSJUZE1puoHeHC81yw_jstEObyquhEZaAomyIjw,,,4.8028741,6.080149174,"Southern Ijaw, Bayelsa, Nigeria",Nigeria,Oil_Gas,,,,
8 oil workers abducted in Lagos,26/06/2022,Tin Can Island,Apapa,Lagos,0,,,,,Kidnapper,,,,,,,,,,,8,,,,,,,,,,,,,,,,,,Other,,https://www.evernote.com/shard/s386/sh/586fd001-a9d1-493d-b4d9-cb55e008f1eb/z0TJ6X2OHTJjt2QR17UEYnMdw_XhyQG8saY3ylswLDCfAJEl4oK1qJG9KA,https://www.evernote.com/shard/s386/sh/c723b033-8d2a-49dd-89ed-85bb0e66ceb3/0QJKtAnXDNRBDd3CE9qAljpGtZtnpzy8StF9wLX3lNMIQNjGxMYpLtqoMg,,6.4478068,3.3625319,"Apapa, Lagos, Nigeria",Nigeria,Oil_Gas,,,,
Over 18 transmission towers vandalised across three states in January – TCN,10/01/2025,,,Rivers State (Owerri/Ahoada),,,,,,,,,,,,,,,,,,,,,,,,,,,,,,,,,,,,,https://nairametrics.com/2025/01/20/more-than-18-transmission-towers-vandalized-across-3-states-between-january-9-and-14-2025-tcn/,https://www.premiumtimesng.com/business/business-news/768014-over-18-transmission-towers-vandalised-across-three-states-in-january-tcn.html,https://www.msn.com/en-xl/africa/nigeria/over-18-transmission-towers-vandalized-in-5-days-tcn/ar-AA1xSzny,5.07,6.65,,,Power,Owerri/Ahoada 132kV line,"171-181, 184",Vandalized,
Over 18 transmission towers vandalised across three states in January – TCN,14/01/2025,,,Imo,,,,,,,,,,,,,,,,,,,,,,,,,,,,,,,,,,,,,https://nairametrics.com/2025/01/20/more-than-18-transmission-towers-vandalized-across-3-states-between-january-9-and-14-2025-tcn/,https://www.premiumtimesng.com/business/business-news/768014-over-18-transmission-towers-vandalised-across-three-states-in-january-tcn.html,https://www.msn.com/en-xl/africa/nigeria/over-18-transmission-towers-vandalized-in-5-days-tcn/ar-AA1xSzny,5.485,7.035,,,Power,Owerri/Ahoada 132kV line,"146, 147, 149",Vandals removed base brackets,
Over 18 transmission towers vandalised across three states in January – TCN,13/01/2025,,,Abia (Alaoji/Umuahia),,,,,,,,,,,,,,,,,,,,,,,,,,,,,,,,,,,,,https://nairametrics.com/2025/01/20/more-than-18-transmission-towers-vandalized-across-3-states-between-january-9-and-14-2025-tcn/,https://www.premiumtimesng.com/business/business-news/768014-over-18-transmission-towers-vandalised-across-three-states-in-january-tcn.html,https://www.msn.com/en-xl/africa/nigeria/over-18-transmission-towers-vandalized-in-5-days-tcn/ar-AA1xSzny,5.25,7.55,,,Power,Alaoji/Umuahia 132kV line,160-162,"Vandals struck towers, stealing bolts, nuts, and structural components.","Alaoji 132/33 kV S/S
Aba 132/33kV S/S"
Over 18 transmission towers vandalised across three states in January – TCN,09/01/2025,,,Kano (Katsina-Gazoua),,,,,,,,,,,,,,,,,,,,,,,,,,,,,,,,,,,,,https://nairametrics.com/2025/01/20/more-than-18-transmission-towers-vandalized-across-3-states-between-january-9-and-14-2025-tcn/,https://www.premiumtimesng.com/business/business-news/768014-over-18-transmission-towers-vandalised-across-three-states-in-january-tcn.html,https://www.msn.com/en-xl/africa/nigeria/over-18-transmission-towers-vandalized-in-5-days-tcn/ar-AA1xSzny,12,8.5167,,,Power,Katsina-Gazoua 132/33kV line,"105, 106, 107",Vandals critically damaged towers,
Over 18 transmission towers vandalised across three states in January – TCN,17/01/2025,,,Abuja,,,,,,,,,,,,,,,,,,,,,,,,,,,,,,,,,,,,,https://nairametrics.com/2025/01/20/more-than-18-transmission-towers-vandalized-across-3-states-between-january-9-and-14-2025-tcn/,https://www.premiumtimesng.com/business/business-news/768014-over-18-transmission-towers-vandalised-across-three-states-in-january-tcn.html,https://www.msn.com/en-xl/africa/nigeria/over-18-transmission-towers-vandalized-in-5-days-tcn/ar-AA1xSzny,9.0579,7.4951,,,Power,Abuja 132kV line,,Vandals,
31 electricity towers affected as vandals destroy transmission lines in Edo communities,22/11/2024,,,Benin ,,,,,,,,,,,,,,,,,,,,,,,,,,,,,,,,,,,,,https://www.thecable.ng/31-electricity-towers-affected-as-vandals-destroy-transmission-lines-in-edo-communities/,"https://www.vanguardngr.com/2024/11/electricity-vandal-attacks-disrupt-repairs-of-transmission-lines-in-bayelsa-edo-states/#:~:text=A%20total%20of%2031%20towers,linesmen%20during%20a%20routine%20patrol.",https://thenationonlineng.net/electricity-vandals-strike-again-destroy-31-transmission-towers/,6.3382,5.6257,,,Power,330kV Benin-Egbin,Total 30 towers,Vandals attacks,"Benin 132/33KV S/S 
Irrua 132/33KV S/S
Oghara 132/33KV S/S"
31 electricity towers affected as vandals destroy transmission lines in Edo communities,22/11/2024,,,,,,,,,,,,,,,,,,,,,,,,,,,,,,,,,,,,,,,,https://www.thecable.ng/31-electricity-towers-affected-as-vandals-destroy-transmission-lines-in-edo-communities/,"https://www.vanguardngr.com/2024/11/electricity-vandal-attacks-disrupt-repairs-of-transmission-lines-in-bayelsa-edo-states/#:~:text=A%20total%20of%2031%20towers,linesmen%20during%20a%20routine%20patrol.",https://thenationonlineng.net/electricity-vandals-strike-again-destroy-31-transmission-towers/,6.8,4.95,,,Power,Benin-Omotosho transmission lines Omotosho phase 2 330/132/33KV T/S,Total 30 towers,Vandals attacks,"Omotosho 132/33kV S/S
Ondo 132/33kV S/S
Akure 132/33kV S/S"
32 electricity towers affected as vandals destroy transmission lines in Edo communities,17/11/2024,,,Ahoada-Yenagoa,,,,,,,,,,,,,,,,,,,,,,,,,,,,,,,,,,,,,https://www.thecable.ng/31-electricity-towers-affected-as-vandals-destroy-transmission-lines-in-edo-communities/,"https://www.vanguardngr.com/2024/11/electricity-vandal-attacks-disrupt-repairs-of-transmission-lines-in-bayelsa-edo-states/#:~:text=A%20total%20of%2031%20towers,linesmen%20during%20a%20routine%20patrol.",https://thenationonlineng.net/electricity-vandals-strike-again-destroy-31-transmission-towers/,4.9247,6.2642,,,Power,Ahoada-Yenagoa 132kV line,29 to 31,Vandals theft,
63 Transmission Towers Destroyed by Vandals in Nigeria,01/01/2024,,,Bauchi,,,,,,,,,,,,,,,,,,,,,,,,,,,,,,,,,,,,,"https://theelectricityhub.com/vandals-destroyed-63-power-transmission-towers-in-nigeria-from-january-to-august-2024-severely-impacting-electricity-supply-in-affected-regions/#:~:text=From%20January%20to%20August%202024,efforts%20to%20stabilise%20power%20generation.",https://thestreetjournal.org/how-vandals-dismantled-63-tcn-towers-between-january-august-power-ministry-reveals/,https://www.mondaq.com/nigeria/renewables/1574056/power-sector-industry-overview-2024,10.3103,9.8439,,,Power,132kV Jos-Bauchi line in Bauchi/Yelwa and Gwalameji,388,"17 towers destroyed through vandalism while while components such as conductors, underground cables, and braces from the remaining towers were stolen",
63 Transmission Towers Destroyed by Vandals in Nigeria - 2,01/03/2024,,,Bauchi/Gombe-Damaturu,,,,,,,,,,,,,,,,,,,,,,,,,,,,,,,,,,,,,"https://theelectricityhub.com/vandals-destroyed-63-power-transmission-towers-in-nigeria-from-january-to-august-2024-severely-impacting-electricity-supply-in-affected-regions/#:~:text=From%20January%20to%20August%202024,efforts%20to%20stabilise%20power%20generation.",https://thestreetjournal.org/how-vandals-dismantled-63-tcn-towers-between-january-august-power-ministry-reveals/,https://www.mondaq.com/nigeria/renewables/1574056/power-sector-industry-overview-2025,11.747,11.9608,,,Power,330kV Gombe-Damaturu line along Bauchi/Gombe and Damaturu,377 and 378,"17 towers destroyed through vandalism while while components such as conductors, underground cables, and braces from the remaining towers were stolen","Gombe132/33kV S/S
Potiskum 132/33kV S/S
Biu 132/33kV S/S"
63 Transmission Towers Destroyed by Vandals in Nigeria - 3,01/05/2024,,,Damaturu-Maiduguri,,,,,,,,,,,,,,,,,,,,,,,,,,,,,,,,,,,,,"https://theelectricityhub.com/vandals-destroyed-63-power-transmission-towers-in-nigeria-from-january-to-august-2024-severely-impacting-electricity-supply-in-affected-regions/#:~:text=From%20January%20to%20August%202024,efforts%20to%20stabilise%20power%20generation.",https://thestreetjournal.org/how-vandals-dismantled-63-tcn-towers-between-january-august-power-ministry-reveals/,https://www.mondaq.com/nigeria/renewables/1574056/power-sector-industry-overview-2026,11.8333,13.15,,,Power,330kV Damaturu-Maiduguri line,"125, 126, 193, 194, and 195","17 towers destroyed through vandalism while while components such as conductors, underground cables, and braces from the remaining towers were stolen",
63 Transmission Towers Destroyed by Vandals in Nigeria - 4,01/07/2204,,,Bauchi - Gombe,,,,,,,,,,,,,,,,,,,,,,,,,,,,,,,,,,,,,"https://theelectricityhub.com/vandals-destroyed-63-power-transmission-towers-in-nigeria-from-january-to-august-2024-severely-impacting-electricity-supply-in-affected-regions/#:~:text=From%20January%20to%20August%202024,efforts%20to%20stabilise%20power%20generation.",https://thestreetjournal.org/how-vandals-dismantled-63-tcn-towers-between-january-august-power-ministry-reveals/,https://www.mondaq.com/nigeria/renewables/1574056/power-sector-industry-overview-2027,10.3103,11.1667,,,Power,Bauchi-Gombe (132kV line),"450, 452, 453, and 455","17 towers destroyed through vandalism while while components such as conductors, underground cables, and braces from the remaining towers were stolen",
63 Transmission Towers Destroyed by Vandals in Nigeria - 5,01/08/2024,,,Gwagwalda-Katampe,,,,,,,,,,,,,,,,,,,,,,,,,,,,,,,,,,,,,"https://theelectricityhub.com/vandals-destroyed-63-power-transmission-towers-in-nigeria-from-january-to-august-2024-severely-impacting-electricity-supply-in-affected-regions/#:~:text=From%20January%20to%20August%202024,efforts%20to%20stabilise%20power%20generation.",https://thestreetjournal.org/how-vandals-dismantled-63-tcn-towers-between-january-august-power-ministry-reveals/,https://www.mondaq.com/nigeria/renewables/1574056/power-sector-industry-overview-2028,9.0643,7.4826,,,Power,330kV Gwagwalada-Katampe line,70,"17 towers destroyed through vandalism while while components such as conductors, underground cables, and braces from the remaining towers were stolen","Katampe 132kV S/S             
Kubwa 132kV S/S               
Suleja 132kV S/S
Central Area 132kV S/S
Kukwuaba 132kV S/S
Apo 132kV S/S
Karu 132kV S/S
Akwanga 132kV S/S
Keffi 132kV S/S
Gwagwalada 132kV S/S"
"Armed men attack Obajana transmission station, destroy power transformers",14/11/2024,,,Bandits Attack Obajana Power Substation,,,,,,,,,,,,,,,,,,,,,,,,,,,,,,,,,,,,,"https://punchng.com/armed-men-attack-obajana-transmission-station-destroy-power-transformers/#:~:text=The%20armed%20men%2C%20shooting%20sporadically,efforts%20to%20increase%20power%20generation.",https://www.legit.ng/nigeria/1625070-kogi-hopes-for-improved-electricity-dashed-as-armed-men-destroy-obajana-transmission-station/,https://www.tv360nigeria.com/bandits-attack-obajana-power-substation-causing-major-setback-to-energy-infrastructure/,7.914,6.434,,,Power,330/132/33KV,,Bandits attack,
Kaduna in darkness as bandits vandalise TCN transmission lines,18/10/2024,,,Shiroro - Kaduna,,,,,,,,,,,,,,,,,,,,,,,,,,,,,,,,,,,,,https://guardian.ng/news/nigeria/metro/kaduna-in-darkness-as-bandits-vandalise-tcn-transmission-lines/,https://www.channelstv.com/2024/10/18/blackout-in-kano-as-vandals-destroy-transmission-towers/,"https://dailypost.ng/2024/10/18/darkness-hits-kano-kaduna-as-vandals-destroy-tcn-towers/#:~:text=“The%20vandalized%20Shiroro%20–%20Kaduna%20330kV,power%20transmission%20in%20that%20axis.",10.0155,7.084,,,Power,"330KV, line 1 and 2",,Vandalism by suspected bandits,"Mando Road 132/33kV S/S
Kaduna Town 132/33kV S/S
Zaria 132/33kV S/S
Kumbotso 132/33kV S/S
Dakata 132/33kV S/S
Dan-Agundi 132/33kV S/S
Katsina 132/33kV S/S
Daura 132/33kV S/S
Kankia 132/33kV S/S
Kwana-Dangora 132/33kV S/S
Tambarawa 132/33kV S/S
Dutse 132/33kV S/S
Hadejia 132/33kV S/S
Azare 132/33kV S/S
Gusau 132/33kV S/S
Talata-Mafara 132/33kV S/S
Funtua 132/33kV S/S"
"Transmission Company Of Nigeria Raises Alarm Over Fresh Attack By Vandals, Destruction Of Rebuilt Towers Supplying Electricity To Maiduguri",12/06/2024,,,Maiduguri - Damaturu,,,,,,,,,,,,,,,,,,,,,,,,,,,,,,,,,,,,,https://saharareporters.com/2024/06/12/transmission-company-nigeria-raises-alarm-over-fresh-attack-vandals-destruction-rebuilt,https://www.premiumtimesng.com/news/top-news/703418-vandals-destroy-newly-reconstructed-electricity-transmission-tower-tcn.html,https://www.vanguardngr.com/2024/06/blackout-in-north-east-as-vandals-attack-newly-rebuilt-power-towers/,11.8333,13.15,,,Power,330KV,T193 and T194,Vandalism by suspected BH Terrorists,Maiduguri 132/33kV S/S
Attack on transmission lines in Molai in Maiduguri,07/05/2019,,,Molai in Maiduguri,,,,,,,,,,,,,,,,,,,,,,,,,,,,,,,,,,,,,https://dailytrust.com/power-outage-bandits-targeting-shiroros-330kv-lines-for-long-locals/,https://www.thisdaylive.com/index.php/2019/05/10/tcn-confirms-boko-harams-attack-on-maiduguri-substation/,https://dailypost.ng/2019/05/09/insurgents-attacked-molai-transmission-substation-maiduguri/,11.7461,13.1236,,,Power,330/132kV transmission substation,,Vandalism by suspected Boko Haram Terrorists,
Attack on powerlines along Maiduguri-Damaturu,26/01/2021,,,Maiduguri - Damaturu,,,,,,,,,,,,,,,,,,,,,,,,,,,,,,,,,,,,,https://dailytrust.com/power-outage-bandits-targeting-shiroros-330kv-lines-for-long-locals/,https://saharareporters.com/2021/02/09/blackout-persists-borno-communities-weeks-after-boko-haram-destroys-electricity-tower,https://www.voanews.com/a/africa_attack-transmitters-cuts-power-nigerian-city-again/6203911.html,,,,,,,,,
Attack on transmission towers along Maiduguri-Damaturu,01/03/2021,,,Maiduguri - Damaturu,,,,,,,,,,,,,,,,,,,,,,,,,,,,,,,,,,,,,https://dailytrust.com/power-outage-bandits-targeting-shiroros-330kv-lines-for-long-locals/,https://ndarason.com/en/no-light-in-sight-after-insurgents-attack-power-lines-in-capital-again/,https://humanglemedia.com/iswap-knocks-off-more-electricity-towers-to-sustain-maiduguri-blackout/,11.8333,13.15,,,Power,,Two Towers,Vandalism by suspected BH Terrorists,
Attack on multiple transmission towers along Maiduguri-Damaturu,17/09/2021,,,Maiduguri - Damaturu,,,,,,,,,,,,,,,,,,,,,,,,,,,,,,,,,,,,,https://dailytrust.com/power-outage-bandits-targeting-shiroros-330kv-lines-for-long-locals/,https://ndarason.com/en/no-light-in-sight-after-insurgents-attack-power-lines-in-capital-again/,https://humanglemedia.com/iswap-knocks-off-more-electricity-towers-to-sustain-maiduguri-blackout/,11.8333,13.15,,,Power,,Multiple Towers,Vandalism by suspected BH Terrorists,
Attack on transmission towers along Maiduguri-Damaturu,21/12/2023,,,Kasaita - Yobe,,,,,,,,,,,,,,,,,,,,,,,,,,,,,,,,,,,,,https://dailytrust.com/power-outage-bandits-targeting-shiroros-330kv-lines-for-long-locals/,"https://www.vanguardngr.com/2023/12/attacks-on-power-towers-deliberate-act-of-sabotage-fg/#:~:text=TCN%20said%20tower%20T372%20around,T373%20along%20the%20same%20line.",https://leadership.ng/blackout-in-borno-yobe-as-terrorists-vandalise-tcn-transmission-line/,12,11.5,,,Power,,Tower T372,Vandalism by suspected BH Terrorists,
Attack on three transmission towers along Maiduguri-Damaturu,28/12/2023,,,Maiduguri - Damaturu,,,,,,,,,,,,,,,,,,,,,,,,,,,,,,,,,,,,,https://dailytrust.com/power-outage-bandits-targeting-shiroros-330kv-lines-for-long-locals/,https://punchng.com/terrorists-blew-up-three-electricity-towers-in-borno-killed-one-tcn/,,11.8333,13.15,,,Power,,Three Tower,Vandalism by suspected BH Terrorists,
Attack on 132kV Single Circuit transmission line along Jos-Bauchi,01/02/2024,,,Jos - Bauchi,,,,,,,,,,,,,,,,,,,,,,,,,,,,,,,,,,,,,https://dailytrust.com/power-outage-bandits-targeting-shiroros-330kv-lines-for-long-locals/,"https://www.esi-africa.com/industry-sectors/transmission-and-distribution/nigeria-vandals-add-to-energy-woes-by-destroying-transmission-towers/#:~:text=On%203%20February%20TCN%20reported,in%20Yobe%20and%20Borno%20States.”",https://thedaily-ng.com/vandalism-causes-collapse-of-tcn-tower-triggers-power-outage-in-yobe-and-borno-states/,9.8965,9.774,,,Power,132kV Single Circuit transmission line (which affected Borno and Yobe states).,Tower 388,Vandalism by suspected BH Terrorists,"Potiskum 132/33kV S/S
Biu 132/33kV S/S"
Attack on transmission towers along Gombe-Damaturu,23/02/2024,,,Gombe - Damaturu,,,,,,,,,,,,,,,,,,,,,,,,,,,,,,,,,,,,,https://dailytrust.com/power-outage-bandits-targeting-shiroros-330kv-lines-for-long-locals/,"https://www.arise.tv/tcn-confirms-another-insurgents-attack-on-two-transmission-towers-in-north-east/#:~:text=“The%20Transmission%20Company%20of%20Nigeria,load%20loss%20of%20approximately%205mw.",https://nairametrics.com/2024/02/25/terrorists-destroy-2-tcn-towers-along-gombe-damaturu-330kv-corridor/,11.747,11.9608,,,Power,Gombe-Damaturu 330kV transmission line (Yobe),Tower T377 and T378,Vandalism by suspected BH Terrorists,
Attack on 330kV transmission line along Maiduguri-Damaturu,11/06/2024,,,Maiduguri - Damaturu,,,,,,,,,,,,,,,,,,,,,,,,,,,,,,,,,,,,,https://dailytrust.com/power-outage-bandits-targeting-shiroros-330kv-lines-for-long-locals/,https://www.premiumtimesng.com/news/top-news/703418-vandals-destroy-newly-reconstructed-electricity-transmission-tower-tcn.html,https://www.thecable.ng/blackout-as-vandals-destroy-tcn-towers-in-maiduguri/,11.8333,13.15,,,Power,"330kV transmission line (Borno, Damaturu-Maiduguri 330 Kilo Volt (KV Single Circuit) transmission lines)",Towers 193 and 194,Vandalism by suspected BH Terrorists,
"Attack on Gombe-Damaturu-Maiduguri 330kV transmission line (2 Towers), Yobe.",21/09/2024,,,Maiduguri - Damaturu,,,,,,,,,,,,,,,,,,,,,,,,,,,,,,,,,,,,,https://dailytrust.com/power-outage-bandits-targeting-shiroros-330kv-lines-for-long-locals/,https://www.vanguardngr.com/2024/09/electricity-blackout-in-damaturu-as-vandals-attack-tcn-tower/,https://www.premiumtimesng.com/news/more-news/737710-vandals-destroy-330kv-gombe-damaturu-maiduguri-tcn-tower.html,11.8333,13.15,,,Power,"Gombe-Damaturu-Maiduguri 330kV transmission line (2 Towers), Yobe.",Tower No T372,Vandalism by suspected BH Terrorists,
"Nigeria’s electricity transmission line vandalised, fifth in one month",26/02/2024,,,Gwagwalada-Katampe,,,,,,,,,,,,,,,,,,,,,,,,,,,,,,,,,,,,,https://www.premiumtimesng.com/news/top-news/676229-nigerias-electricity-transmission-line-vandalised-fifth-in-one-month.html,https://dailypost.ng/2024/03/11/nigeria-records-five-incidents-of-electricity-assets-vandalization-in-february-2024-tcn/,https://www.nairaland.com/8026651/vandals-attack-shiroro-katampe-transmission-line,9.0643,7.4826,,,Power,,Tower 70,Destruction/Vandalism,Gwagwalada 132kV S/S
attack on towers 145 to 149 and 201 to 218 along the Owerri-Ahoda 132kV transmission line,15/02/2024,,,Owerri - Ahoada,,,,,,,,,,,,,,,,,,,,,,,,,,,,,,,,,,,,,"https://www.premiumtimesng.com/news/top-news/676229-nigerias-electricity-transmission-line-vandalised-fifth-in-one-month.html#:~:text=Ms%20Mbah%20said%20that%20there,also%20collapsed%20due%20to%20vandalism.",https://punchng.com/blackout-worsens-as-hoodlums-vandalise-transmission-line/,https://dailypost.ng/2024/03/11/nigeria-records-five-incidents-of-electricity-assets-vandalization-in-february-2024-tcn/,5.07,6.65,,,Power,Owerri-Ahoda 132kV transmission line on,Towers 145 to 149 and 201 to 218,Vandalism,
Attack on 132 kV Transmission Line along Ahoada - Yenegoa,14/01/2022,,,Ahoada - Yenegoa,,,,,,,,,,,,,,,,,,,,,,,,,,,,,,,,,,,,,https://www.thecable.ng/rethinking-protection-of-critical-national-assets/,https://thenationonlineng.net/rethinking-the-protection-of-national-critical-assets/,,4.9247,6.2642,,,Power,132 kV Transmission Line,,Vandalism,
Attack on transmission towers in Job,22/09/2022,,,Jos,,,,,,,,,,,,,,,,,,,,,,,,,,,,,,,,,,,,,https://www.thecable.ng/rethinking-protection-of-critical-national-assets/,https://thenationonlineng.net/rethinking-the-protection-of-national-critical-assets/,,9.8965,8.8583,,,Power,,Towers 303 and 304,Vandalism,
Vandals attack on the 330kV Lokoja-Gwagwalada transmission line,09/11/2024,,, Lokoja-Gwagwalada,,,,,,,,,,,,,,,,,,,,,,,,,,,,,,,,,,,,,https://guardian.ng/news/nigeria/again-vandals-attack-three-electricity-towers-in-abuja/,https://nairametrics.com/2024/11/11/vandals-destroy-three-towers-on-lokoja-gwagwalada-transmission-line-tcn/,https://www.vanguardngr.com/2024/11/again-vandals-attack-tcn-towers-disrupt-power-supply-to-abuja/,8.5,6.7333,,,Power,330kV Lokoja-Gwagwalada,"T306, T307, and T308",Vandalism/Theft,Gwagwalada 132kV S/S
Vandals attack on the 330kV Shiroro-Katampe transmission line,18/12/2024,,,Shiroro-Katampe,,,,,,,,,,,,,,,,,,,,,,,,,,,,,,,,,,,,,https://www.premiumtimesng.com/news/top-news/762709-again-vandals-attack-nigerias-electricity-transmission-line.html,https://dailypost.ng/2024/12/20/vandals-attack-shiroro-katampe-transmission-line/,https://www.channelstv.com/2024/12/20/abuja-in-darkness-as-vandals-attack-shiroro-katampe-transmission-line-again/,9.8,7.5333,,,Power,330kV Shiroro-Katampe,T216 and T218,Vandals attack,
Attack on towers 23 - 25 Gwagwalada -Apo transmission line,10/12/2023,,,"Gwagwalada, Apo",,,,,,,,,,,,,,,,,,,,,,,,,,,,,,,,,,,,,https://www.researchgate.net/publication/382038806_Analysing_the_Impact_of_Attacks_and_Vandalism_on_Nigerian_Electricity_Transmission_Lines_Causes_Consequences_and_Mitigation_Strategies,,,9.0643,7.4826,,,Power,,Towers 23 - 25,Vandalism,
Attack on towers 372 - 373 along Gombe-Damaturu transmission line,21/12/2023,,,"Gombe, Damaturu",,,,,,,,,,,,,,,,,,,,,,,,,,,,,,,,,,,,,https://www.researchgate.net/publication/382038806_Analysing_the_Impact_of_Attacks_and_Vandalism_on_Nigerian_Electricity_Transmission_Lines_Causes_Consequences_and_Mitigation_Strategies,,,11.747,11.9608,,,Power,,Towers 372 - 373,Explosives by suspected terrorists,
Attack on towers (2) along Maiduguri-Damaturu transmission line,28/12/2023,,,"Maiduguri, Damaturu",,,,,,,,,,,,,,,,,,,,,,,,,,,,,,,,,,,,,https://www.researchgate.net/publication/382038806_Analysing_the_Impact_of_Attacks_and_Vandalism_on_Nigerian_Electricity_Transmission_Lines_Causes_Consequences_and_Mitigation_Strategies,,,11.8333,13.15,,,Power,,2 Towers,Explosives by suspected terrorists,
Attack on tower 388 along Jos-Bauchi transmission line,01/02/2024,,,Jos - Bauchi,,,,,,,,,,,,,,,,,,,,,,,,,,,,,,,,,,,,,https://www.researchgate.net/publication/382038806_Analysing_the_Impact_of_Attacks_and_Vandalism_on_Nigerian_Electricity_Transmission_Lines_Causes_Consequences_and_Mitigation_Strategies,,,9.8965,9.774,,,Power,,Towers 388,Explosives by suspected terrorists,
"Attack on Towers 145 - 149, 201 - 218, along Owerri-Ahoada transmission line",15/02/2024,,,"Owerri, Ahoada",,,,,,,,,,,,,,,,,,,,,,,,,,,,,,,,,,,,,https://www.researchgate.net/publication/382038806_Analysing_the_Impact_of_Attacks_and_Vandalism_on_Nigerian_Electricity_Transmission_Lines_Causes_Consequences_and_Mitigation_Strategies,,,5.07,6.65,,,Power,,"Towers 145 - 149, 201 - 218,",Vandalism,
Attack on towers 377 - 378 along Gombe-Damaturu transmission line,23/02/2024,,,"Gombe, Damaturu",,,,,,,,,,,,,,,,,,,,,,,,,,,,,,,,,,,,,https://www.researchgate.net/publication/382038806_Analysing_the_Impact_of_Attacks_and_Vandalism_on_Nigerian_Electricity_Transmission_Lines_Causes_Consequences_and_Mitigation_Strategies,,,11.747,11.9608,,,Power,,Towers 377 - 378,Explosives,
Vandals destroy 6 transmission towers in Rivers -NDPHC,03/09/2022,,, Afam-Onne Transmission Line,,,,,,,,,,,,,,,,,,,,,,,,,,,,,,,,,,,,,https://www.vanguardngr.com/2022/12/ndphc-vandals-destroy-6-transmission-towers-kill-one-in-rivers/,https://sharpedgenews.com/vandals-destroy-6-transmission-towers-in-rivers-ndphc/,https://dailynewsprecise.com.ng/?p=14984,4.8667,7.15,,,Power,330kV DC,"T19, T20, T21 and T22",Vandals attacks,Elelenwon 132/33kV S/S